Trump meeting,151832,110126,172078,48306,57365,190512,26536,71335,21499,23872,142033,110133,23888,71336,57366,71339,214876,,,,,,,
Brazil impeachment,120639,80103,25225,21502,57362,120636,110141,,,,,,,,,,,,,,,,,
Kaepernick,40617,40543,39520,80109,80101,47403,,,,,,,,,,,,,,,,,,
Clinton Guccifer,214888,85803,47979,,,,,,,,,,,,,,,,,,,,,
Farage,37252,37468,46175,,,,,,,,,,,,,,,,,,,,,
Anthony Weiner,49480,110144,142300,214934,,,,,,,,,,,,,,,,,,,,
SpaceX,38658,134545,172095,214894,,,,,,,,,,,,,,,,,,,,
Safe space,21448,78169,78171,,,,,,,,,,,,,,,,,,,,,
Lauer debate,43447,47078,138709,,,,,,,,,,,,,,,,,,,,,
Venezuela,172079,57375,190522,,,,,,,,,,,,,,,,,,,,,
Iran deal,158005,48823,57373,120634,,,,,,,,,,,,,,,,,,,,
Penn State,80094,157527,214892,,,,,,,,,,,,,,,,,,,,,
David Brown,172085,80096,141886,,,,,,,,,,,,,,,,,,,,,
haiti AND president,217418,217419,217420,217421,217422,217423,217424,217425,217426,217427,217428,217429,217430,217431,217432,217433,217434,217435,217436,217437,217438,217439,217440,217441
inflation AND economy AND fed,217490,217491,217492,217493,217494,217495,217496,217497,217498,217499,217500,217501,217502,217504,217505,217506,217507,217508,217509,217510,217511,217513,217514,
afghanistan AND war AND end,217442,217443,217444,217445,217446,217447,217448,217449,217450,217451,217452,217453,217454,217455,217456,217457,217458,217459,217460,217461,217462,217463,217464,217465
capitol AND riot AND trump,217517,217519,217520,217521,217522,217523,217524,217526,217527,217528,217529,217530,217531,217532,217533,217534,217535,217536,217539,,,,,
critical AND race AND theory,217466,217467,217468,217469,217470,217471,217472,217473,217474,217475,217476,217477,217478,217481,217482,217483,217484,217485,217486,217487,217488,217489,,
